<?xml version="1.0"?>
<!--
/**
 * @package   Aopen_Openpay
 * @author    Openpay Team <ecommercesupport@openpay.com.au>
 * @copyright 2019-2020 Openpay. All rights reserved.
 */
-->
<config xmlns:xsi="http://www.w3.org/2001/XMLSchema-instance" xsi:noNamespaceSchemaLocation="urn:magento:module:Magento_Cron:etc/crontab.xsd">
    <group id="default"> 
        <job name="openpay_cancel_pending" instance="Aopen\Openpay\Cron\Cancelpending" method="execute">
            <schedule>*/5 * * * *</schedule> <!-- run every 5 minutes -->
        </job>
        <job name="openpay_check_version" instance="Aopen\Openpay\Cron\Checkversion" method="execute">
            <schedule>0 0 * * *</schedule> <!-- run every 5 minutes -->
        </job>
    </group>
</config>