<?xml version="1.0"?>
<!--
/**
 * @package   Aopen_Openpay
 * @author    Openpay Team <ecommercesupport@openpay.com.au>
 * @copyright 2019-2020 Openpay. All rights reserved.
 */
-->
<config xmlns:xsi="http://www.w3.org/2001/XMLSchema-instance" xsi:noNamespaceSchemaLocation="urn:magento:framework:Module/etc/module.xsd">
    <module name="Aopen_Openpay" setup_version="5.5.2">
        <sequence>
            <module name="Magento_Customer"/>
            <module name="Magento_Payment"/>
            <module name="Magento_Checkout"/>
            <module name="Magento_Catalog"/>
            <module name="Magento_Quote"/>
            <module name="Magento_Theme"/>
            <module name="Magento_Sales"/>               
        </sequence>
    </module>
</config>
