<?xml version="1.0"?>
<!--
/**
 * @package   Aopen_Openpay
 * @author    Openpay Team <ecommercesupport@openpay.com.au>
 * @copyright 2019-2020 Openpay. All rights reserved.
 */
-->
<payment xmlns:xsi="http://www.w3.org/2001/XMLSchema-instance"
         xsi:noNamespaceSchemaLocation="urn:magento:module:Magento_Payment:etc/payment.xsd">
    <groups>
        <group id="installment">
            <label>Installment Payment Methods</label>
        </group>
    </groups>
    <methods>
        <method name="openpay">
            <allow_multiple_address>1</allow_multiple_address>
        </method>
    </methods>
</payment>
