<?xml version="1.0"?>
<!--
/**
 * @package   Aopen_Openpay
 * @author    Openpay Team <ecommercesupport@openpay.com.au>
 * @copyright 2019-2020 Openpay. All rights reserved.
 */
-->
<config xmlns:xsi="http://www.w3.org/2001/XMLSchema-instance" xsi:noNamespaceSchemaLocation="urn:magento:module:Magento_Config:etc/system_file.xsd">
    <system>
        <section id="payment" translate="label" type="text" sortOrder="400" showInDefault="1" showInWebsite="1" showInStore="1">
            <group id="openpay" translate="label" type="text" sortOrder="30" showInDefault="1" showInWebsite="1" showInStore="1">
                <label>Openpay Payment Method</label>
                <field id="title" translate="label" type="text" sortOrder="1" showInDefault="1" showInWebsite="1" showInStore="1" canRestore="1">
                    <label>Title</label>
                </field>
                <field id="active" translate="label" type="select" sortOrder="2" showInDefault="1" showInWebsite="1" showInStore="0" canRestore="1">
                    <label>Enabled</label>
                    <source_model>Magento\Config\Model\Config\Source\Yesno</source_model>
                </field>
                <field id="jam_auth_token" translate="label" type="text" sortOrder="3" showInDefault="1" showInWebsite="1" showInStore="0">
                    <label>Jam Auth Token</label>
                </field>
                <field id="test" translate="label" type="select" sortOrder="4" showInDefault="1" showInWebsite="1" showInStore="0" canRestore="1">
                    <label>Test Mode</label>
                    <source_model>Magento\Config\Model\Config\Source\Yesno</source_model>
                </field>
                <field id="allowspecific" translate="label" type="allowspecific" sortOrder="5" showInDefault="1" showInWebsite="1" showInStore="0" canRestore="1">
                    <label>Payment from Applicable Countries</label>
                    <source_model>Magento\Payment\Model\Config\Source\Allspecificcountries</source_model>
                </field>
                <field id="specificcountry" translate="label" type="multiselect" sortOrder="6" showInDefault="1" showInWebsite="1" showInStore="0">
                    <label>Payment from Specific Countries</label>
                    <source_model>Magento\Directory\Model\Config\Source\Country</source_model>
                    <can_be_empty>1</can_be_empty>
                </field>
                 <field id="run_min_max" translate="label" type="button" sortOrder="7" showInDefault="1" showInWebsite="1" showInStore="0">
                    <label>Run Min Max</label>
                    <frontend_model>Aopen\Openpay\Block\System\Config\Button</frontend_model>
                </field>
                <field id="min_order_total" translate="label" type="text" sortOrder="7" showInDefault="1" showInWebsite="1" showInStore="0">
                    <label>Minimum Order Total</label>
                    <frontend_model>Aopen\Openpay\Block\System\Config\Form\Field\Disable</frontend_model>
                </field>
                <field id="max_order_total" translate="label" type="text" sortOrder="8" showInDefault="1" showInWebsite="1" showInStore="0">
                    <label>Maximum Order Total</label>
                    <frontend_model>Aopen\Openpay\Block\System\Config\Form\Field\Disable</frontend_model>
                </field>
                <field id="cancel_pending" translate="label" type="select" sortOrder="9" showInDefault="1" showInWebsite="1" showInStore="0" canRestore="1">
                    <label>Automatically Cancel Openpay Pending Orders</label>
                    <comment><![CDATA[If set to yes, magento's internal cron will cancel all Openpay Pending Orders older than x hours set below.]]></comment>
                    <source_model>Magento\Config\Model\Config\Source\Yesno</source_model>
                </field>
                <field id="automatic_invoice" translate="label" type="select" sortOrder="10" showInDefault="1" showInWebsite="1" showInStore="0" canRestore="1">
                    <label>Automatically Create Invoices</label>
                    <source_model>Magento\Config\Model\Config\Source\Yesno</source_model>
                </field>
                <field id="cancel_pending_frequency" translate="label" type="select" sortOrder="11" showInDefault="1" showInWebsite="1" showInStore="0" canRestore="1">
                    <label>Frequency</label>
                    <source_model>Aopen\Openpay\Model\Form</source_model>
                </field>
                <field id="debug" translate="label" type="select" sortOrder="12" showInDefault="1" showInWebsite="1" showInStore="0" canRestore="1">
                    <label>Debug</label>
                    <!-- <comment><![CDATA[Switch on debugging to create a log file located at "var/log/openpay.log" which you can view <a href="/openpay/log/index" target="_blank">here</a>]]></comment> -->
                    <comment model="Aopen\Openpay\Block\Adminhtml\System\DynamicComment" />
                    <source_model>Magento\Config\Model\Config\Source\Yesno</source_model>
                </field>
                <field id="sort_order" translate="label" type="text" sortOrder="13" showInDefault="1" showInWebsite="1" showInStore="0">
                    <label>Sort Order</label>
                </field>
                <field id="instructions" translate="label" type="text" sortOrder="14" showInDefault="1" showInWebsite="1" showInStore="0">
                    <label>Instruction</label>
                </field>
            </group>
        </section>
    </system>
</config>