<?xml version="1.0"?>
<!--
/**
 * @package   Aopen_Openpay
 * @author    Openpay Team <ecommercesupport@openpay.com.au>
 * @copyright 2019-2020 Openpay. All rights reserved.
 */
-->
<config xmlns:xsi="http://www.w3.org/2001/XMLSchema-instance" xsi:noNamespaceSchemaLocation="urn:magento:framework:ObjectManager/etc/config.xsd">
    <type name="Magento\Checkout\Model\CompositeConfigProvider">
        <arguments>
            <argument name="configProviders" xsi:type="array">
                <item name="openpay_payment_instructions_config_provider" xsi:type="object">Aopen\Openpay\Model\InstructionsConfigProvider</item>
             </argument>
        </arguments>
    </type>
</config>
